{
  "timestamp": "2026-04-13T09:50:55.863Z",
  "warmup": 2,
  "iterations": 5,
  "results": {
    "5x1000 bar": {
      "generate": {
        "avg": 100.67999999970198,
        "stddev": 2.286831869871715,
        "raw": [
          101,
          102,
          104,
          97.5,
          98.89999999850988
        ]
      },
      "load": {
        "avg": 80.59999999850989,
        "stddev": 11.64903429568536,
        "raw": [
          93.29999999701977,
          75.39999999850988,
          73.59999999403954,
          95.20000000298023,
          65.5
        ]
      }
    },
    "5x1000 stacked bar": {
      "generate": {
        "avg": 100.84000000059605,
        "stddev": 12.11141610240581,
        "raw": [
          99.90000000596046,
          93.5,
          92.60000000149012,
          124.5,
          93.69999999552965
        ]
      },
      "load": {
        "avg": 70.22000000327826,
        "stddev": 3.948366749626644,
        "raw": [
          68.30000000447035,
          66.80000000447035,
          72.10000000149012,
          77.10000000149012,
          66.80000000447035
        ]
      }
    },
    "5x1000 line": {
      "generate": {
        "avg": 69.40000000149011,
        "stddev": 2.28560714265379,
        "raw": [
          69.30000000447035,
          69.89999999850988,
          67.5,
          66.89999999850988,
          73.40000000596046
        ]
      },
      "load": {
        "avg": 59.15999999940395,
        "stddev": 7.120561775683378,
        "raw": [
          66.10000000149012,
          52.30000000447035,
          54.29999999701977,
          69.39999999850988,
          53.69999999552965
        ]
      }
    },
    "5x1000 area": {
      "generate": {
        "avg": 72.74000000059604,
        "stddev": 2.506471621479702,
        "raw": [
          75.20000000298023,
          73.69999999552965,
          75.29999999701977,
          69.80000000447035,
          69.70000000298023
        ]
      },
      "load": {
        "avg": 63.56000000089407,
        "stddev": 8.065878750134623,
        "raw": [
          58.80000000447035,
          70.10000000149012,
          56.600000001490116,
          56.19999999552965,
          76.10000000149012
        ]
      }
    }
  }
}